,Instance,Mean,Min,Max,Std,Time
0,NUME INSTANTA,31438.257045893974,30701.736254983894,31954.478746072415,429.102204408153,25.485660807291666
